scenario,margin_case,distribution_model,subsystem,simulations,deterministic_load_kw,capacity_kw,mean_load_kw,std_load_kw,p01_load_kw,p05_load_kw,p50_load_kw,p95_load_kw,p99_load_kw,min_load_kw,max_load_kw,mean_spare_capacity_kw,p95_spare_capacity_kw,p99_spare_capacity_kw,overload_count,overload_probability,overload_probability_pct,overload_probability_ci95_lower,overload_probability_ci95_upper,rule_of_three_upper_if_zero,mean_load_to_capacity_ratio,p95_load_to_capacity_ratio,p99_load_to_capacity_ratio,max_load_to_capacity_ratio,p95_capacity_margin_pct,p99_capacity_margin_pct
Scenario Alpha,Case A - CUM,Triangular,HVAC,100000,1026.73344657341,1159.42,1026.7390280980767,1.2772753610841974,1023.9254960838977,1024.6360638217582,1026.7343856231676,1028.8581141623672,1029.5630577592171,1021.6974755612158,1031.42617863424,132.6809719019234,130.56188583763287,129.85694224078293,0,0.0,0.0,0,0.0,3e-05,0.8855626331252494,0.887390345312628,0.8879983593169145,0.8896053014733573,11.2609654687372,11.200164068308544
Scenario Alpha,Case A - CUM,Triangular,CW,100000,3814.61147772621,4068.06,3814.634958688193,4.25172022218555,3804.777571920312,3807.6138610808666,3814.6580506808255,3821.605755669043,3824.4497748662016,3797.876925059943,3832.584678131778,253.4250413118075,246.45424433095693,243.6102251337984,0,0.0,0.0,0,0.0,3e-05,0.9377037110288916,0.9394172543347549,0.9401163637867194,0.9421160646922067,6.058274566524509,5.988363621328062
Scenario Alpha,Case A - CUM,Triangular,FW,100000,11172.36557800847,11734.66,11172.38905897045,4.251720222185552,11162.531672202573,11165.367961363128,11172.412150963086,11179.359855951305,11182.20387514846,11155.631025342202,11190.338778414038,562.2709410295502,555.3001440486969,552.4561248515402,0,0.0,0.0,0,0.0,3e-05,0.9520845988695411,0.9526786337185146,0.9529209943150002,0.9536142315511517,4.7321366281485515,4.7079005684999835
Scenario Alpha,Case A - CUM,Truncated normal,HVAC,100000,1026.73344657341,1159.42,1026.7388838038305,1.3948684184467586,1023.677353621505,1024.4331300858817,1026.7429732719447,1029.032268645172,1029.8094413946667,1021.7874069069684,1031.523653414877,132.6811161961698,130.38773135482802,129.61055860533338,0,0.0,0.0,0,0.0,3e-05,0.8855625086714309,0.8875405535915992,0.8882108652556163,0.8896893734926746,11.245944640840076,11.178913474438373
Scenario Alpha,Case A - CUM,Truncated normal,CW,100000,3814.61147772621,4068.06,3814.610833007355,4.620453815229283,3804.0178041069794,3807.0127062700776,3814.60241458144,3822.200294717551,3825.233596957423,3792.547042075577,3833.5939711361007,253.4491669926452,245.85970528244889,242.8264030425771,0,0.0,0.0,0,0.0,3e-05,0.937697780516353,0.93956340238776,0.940309040908301,0.9423641664911778,6.043659761223996,5.969095909169901
Scenario Alpha,Case A - CUM,Truncated normal,FW,100000,11172.36557800847,11734.66,11172.364933289611,4.620453815229282,11161.77190438924,11164.766806552336,11172.3565148637,11179.954394999811,11182.98769723968,11150.301142357835,11191.34807141836,562.2950667103869,554.7056050001884,551.6723027603184,0,0.0,0.0,0,0.0,3e-05,0.9520825429360212,0.9527292989315252,0.9529877897816963,0.9537002411163477,4.727070106847479,4.701221021830359
Scenario Alpha,Case B - CMM + CUM,Triangular,HVAC,100000,1026.73344657341,1159.42,1026.7298238566093,5.013534303277474,1015.1980009861688,1018.443692645782,1026.7459386955857,1034.9990439526152,1038.2488512859147,1006.0534826818622,1048.2031343155934,132.69017614339077,124.42095604738483,121.17114871408536,0,0.0,0.0,0,0.0,3e-05,0.8855546944649991,0.8926868985808553,0.8954898581065659,0.9040754293660566,10.731310141914477,10.45101418934341
Scenario Alpha,Case B - CMM + CUM,Triangular,CW,100000,3814.61147772621,4068.06,3814.6363208800894,13.120414664430012,3784.3119734037314,3793.105803554953,3814.63578568008,3836.163813395953,3845.1233270257617,3764.6208505904056,3868.35686081985,253.4236791199105,231.8961866040468,222.93667297423823,0,0.0,0.0,0,0.0,3e-05,0.9377040458793846,0.9429958784767072,0.9451982829716773,0.9509094902287208,5.700412152329287,5.480171702832265
Scenario Alpha,Case B - CMM + CUM,Triangular,FW,100000,11172.36557800847,11734.66,11172.390421162349,13.120414664430012,11142.06607368599,11150.859903837212,11172.38988596234,11193.917913678211,11202.877427308022,11122.374950872663,11226.11096110211,562.2695788376514,540.7420863217885,531.7825726919782,0,0.0,0.0,0,0.0,3e-05,0.9520847149523164,0.9539192370020274,0.9546827455851317,0.9566626524417503,4.608076299797255,4.531725441486828
Scenario Alpha,Case B - CMM + CUM,Truncated normal,HVAC,100000,1026.73344657341,1159.42,1026.719104822924,5.447261128981117,1014.270666425356,1017.7803561505616,1026.710899225357,1035.7122570157887,1039.1565860676674,1004.4997111682562,1048.056355797046,132.70089517707606,123.70774298421134,120.2634139323327,0,0.0,0.0,0,0.0,3e-05,0.8855454492961342,0.893302045001629,0.8962727795515579,0.9039488328621604,10.669795499837102,10.372722044844206
Scenario Alpha,Case B - CMM + CUM,Truncated normal,CW,100000,3814.61147772621,4068.06,3814.576550634331,14.28245573477354,3781.594257625601,3791.162829038232,3814.609876567461,3838.008053882048,3847.808184212983,3756.058497008164,3874.6019379243207,253.483449365669,230.0519461179524,220.2518157870172,0,0.0,0.0,0,0.0,3e-05,0.9376893533119794,0.9434492249086907,0.9458582676295294,0.9524446389493569,5.6550775091309475,5.414173237047074
Scenario Alpha,Case B - CMM + CUM,Truncated normal,FW,100000,11172.36557800847,11734.66,11172.330650916589,14.28245573477354,11139.34835790786,11148.91692932049,11172.36397684972,11195.762154164306,11205.56228449524,11113.812597290424,11232.35603820658,562.3293490834112,538.8978458356942,529.0977155047585,0,0.0,0.0,0,0.0,3e-05,0.9520796214731905,0.9540763988189096,0.9549115427711787,0.9571948431574994,4.592360118109039,4.508845722882116
Scenario Alpha,Case C - CMM + CUM + DBM + IGM,Triangular,HVAC,100000,1026.73344657341,1159.42,1026.690856229894,7.116863616720988,1010.3696839634024,1014.9297957502208,1026.6947399572282,1038.4137552720806,1042.9795589950688,997.2084962028356,1053.462461380227,132.72914377010602,121.00624472791948,116.44044100493124,0,0.0,0.0,0,0.0,3e-05,0.8855210848785547,0.8956320878301914,0.8995700945257704,0.9086116000933459,10.43679121698086,10.042990547422956
Scenario Alpha,Case C - CMM + CUM + DBM + IGM,Triangular,CW,100000,3814.61147772621,4068.06,3814.643635267336,20.567174569095943,3767.619020042765,3780.7456702651016,3814.617496648093,3848.525772810438,3862.069627735561,3722.122320788181,3899.334979848713,253.41636473266408,219.534227189562,205.99037226443892,0,0.0,0.0,0,0.0,3e-05,0.937705843883162,0.9460346634047773,0.9493639788340292,0.9585244514212458,5.396533659522278,5.063602116597074
Scenario Alpha,Case C - CMM + CUM + DBM + IGM,Triangular,FW,100000,11172.36557800847,11734.66,11172.446796176737,122.05743081473926,10898.437055873246,10971.375676571846,11172.182907625904,11374.327825799097,11447.67949225722,10758.720071827269,11585.941177780664,562.213203823263,360.3321742009048,286.9805077427809,0,0.0,0.0,0,0.0,3e-05,0.9520895190978467,0.9692933434627928,0.9755441991721295,0.9873265333448659,3.070665653720728,2.4455800827870675
Scenario Alpha,Case C - CMM + CUM + DBM + IGM,Truncated normal,HVAC,100000,1026.73344657341,1159.42,1026.7016124668166,7.767800262242178,1008.8778859155716,1013.8731116406212,1026.7061720903575,1039.483003627406,1044.4563715071122,995.0437010578712,1061.3964325874758,132.71838753318343,119.9369963725942,114.96362849288788,0,0.0,0.0,0,0.0,3e-05,0.8855303621352199,0.8965543147672164,0.9008438456358456,0.9154546519703608,10.34456852327838,9.915615436415438
Scenario Alpha,Case C - CMM + CUM + DBM + IGM,Truncated normal,CW,100000,3814.61147772621,4068.06,3814.605754837683,22.51473048751077,3762.753590308797,3777.4536458587313,3814.69069221392,3851.6947243466666,3866.4198733568505,3718.606443693283,3908.3842480994144,253.4542451623165,216.36527565333336,201.64012664314944,0,0.0,0.0,0,0.0,3e-05,0.9376965322138029,0.9468136468849198,0.950433344974472,0.9607489191652567,5.318635311508025,4.9566655025528
Scenario Alpha,Case C - CMM + CUM + DBM + IGM,Truncated normal,FW,100000,11172.36557800847,11734.66,11172.219796782743,133.14955193860806,10874.316253212311,10952.351008814763,11171.81748492394,11392.385372051793,11471.478773702063,10734.675665066892,11646.582401375375,562.4402032172566,342.2746279482071,263.1812262979365,0,0.0,0.0,0,0.0,3e-05,0.9520701747458166,0.9708321648903158,0.9775723177068669,0.9924942351440413,2.916783510968423,2.2427682293133038
Scenario Bravo,Case A - CUM,Triangular,HVAC,100000,307.292471684,372.93,307.296578422895,1.2690439033955747,304.47880409790594,305.19558845700755,307.294164595828,309.3809677360682,310.11740662151846,303.0329568431523,311.5739902472967,65.63342157710503,63.54903226393179,62.81259337848155,0,0.0,0.0,0,0.0,3e-05,0.8240060558895637,0.8295952799079404,0.8315700174872455,0.8354758004110603,17.040472009205963,16.842998251275453
Scenario Bravo,Case A - CUM,Triangular,CW,100000,1256.6386696681602,1392.08,1256.645805997204,3.3134561698963947,1248.9893570648146,1251.196214674432,1256.6408480456216,1262.1253250338982,1264.320126075082,1242.2316370795334,1270.3920915123194,135.43419400279595,129.95467496610172,127.75987392491788,0,0.0,0.0,0,0.0,3e-05,0.9027109117272025,0.9066471215978236,0.9082237558725663,0.9125855493307278,9.33528784021764,9.17762441274337
Scenario Bravo,Case A - CUM,Triangular,FW,100000,4636.317392640301,4871.78,4636.324528969344,3.313456169896394,4628.668080036954,4630.874937646571,4636.319571017761,4641.804048006037,4643.9988490472215,4621.910360051673,4650.070814484459,235.45547103065564,229.97595199396247,227.78115095277823,0,0.0,0.0,0,0.0,3e-05,0.9516695189375022,0.9527942657521558,0.9532447789200706,0.9544911335250073,4.720573424784421,4.675522107992935
Scenario Bravo,Case A - CUM,Truncated normal,HVAC,100000,307.292471684,372.93,307.29991905484906,1.3840732988929485,304.25118350995325,305.0242408967061,307.2964242650985,309.58051744075465,310.3486714696548,302.190969149314,312.05684389367605,65.63008094515095,63.34948255924536,62.58132853034522,0,0.0,0.0,0,0.0,3e-05,0.8240150136884913,0.830130366129715,0.832190146863097,0.8367705571921702,16.986963387028492,16.780985313690294
Scenario Bravo,Case A - CUM,Truncated normal,CW,100000,1256.6386696681602,1392.08,1256.6451650190718,3.607895430484104,1248.3162296690143,1250.697745017654,1256.6465796125713,1262.6014600353487,1264.98356523156,1242.037261864989,1270.713263294023,135.43483498092814,129.4785399646512,127.09643476844008,0,0.0,0.0,0,0.0,3e-05,0.9027104512808688,0.9069891529476386,0.908700337072266,0.9128162629259978,9.301084705236136,9.12996629277341
Scenario Bravo,Case A - CUM,Truncated normal,FW,100000,4636.317392640301,4871.78,4636.323887991211,3.607895430484104,4627.994952641154,4630.376467989793,4636.325302584711,4642.280183007489,4644.662288203699,4621.715984837128,4650.391986266162,235.4561120087883,229.49981699251111,227.11771179630068,0,0.0,0.0,0,0.0,3e-05,0.9516693873679049,0.9528919990244816,0.9533809589521077,0.9545570584603907,4.710800097551842,4.661904104789229
Scenario Bravo,Case B - CMM + CUM,Triangular,HVAC,100000,307.292471684,372.93,307.2998914947419,3.086066974355942,300.2364655989323,302.19388337769493,307.3059040365547,312.36475367897947,314.365386825648,295.8713111625991,318.6990875611588,65.63010850525808,60.56524632102054,58.56461317435202,0,0.0,0.0,0,0.0,3e-05,0.8240149397869356,0.8375962075429154,0.8429608420498431,0.8545815235061776,16.240379245708453,15.703915795015691
Scenario Bravo,Case B - CMM + CUM,Triangular,CW,100000,1256.6386696681602,1392.08,1256.6430661120933,8.534514549575455,1236.9401662364364,1242.5875923820963,1256.6258366255297,1270.7052253332286,1276.5298960943774,1221.2468770319228,1293.798855473397,135.43693388790666,121.37477466677136,115.55010390562256,0,0.0,0.0,0,0.0,3e-05,0.902708943532048,0.9128104888607182,0.9169946383069776,0.929399786990257,8.718951113928176,8.300536169302235
Scenario Bravo,Case B - CMM + CUM,Triangular,FW,100000,4636.317392640301,4871.78,4636.3217890842325,8.534514549575455,4616.618889208576,4622.266315354235,4636.304559597669,4650.383948305368,4656.208619066517,4600.925600004062,4673.477578445536,235.45821091576727,221.39605169463167,215.5713809334829,0,0.0,0.0,0,0.0,3e-05,0.9516689565383151,0.9545554085581386,0.955751002521977,0.959295694478309,4.544459144186143,4.424899747802301
Scenario Bravo,Case B - CMM + CUM,Truncated normal,HVAC,100000,307.292471684,372.93,307.2891391069238,3.36583503336503,299.6161462724385,301.72547898884585,307.29912164074017,312.8420496796719,314.91865198970714,294.20812044276465,319.6009679800224,65.6408608930762,60.087950320328105,58.01134801029286,0,0.0,0.0,0,0.0,3e-05,0.8239861075990771,0.8388760616728927,0.8444444050886417,0.8569998873247591,16.112393832710726,15.555559491135835
Scenario Bravo,Case B - CMM + CUM,Truncated normal,CW,100000,1256.6386696681602,1392.08,1256.6201428608972,9.24966576767656,1235.1880392347828,1241.3626144721543,1256.5727173364148,1271.8797765570953,1278.0130833266858,1219.4605661098426,1291.6033916644417,135.45985713910272,120.20022344290464,114.06691667331415,0,0.0,0.0,0,0.0,3e-05,0.9026924766255512,0.9136542271687657,0.918060085143588,0.9278226766166038,8.63457728312343,8.19399148564121
Scenario Bravo,Case B - CMM + CUM,Truncated normal,FW,100000,4636.317392640301,4871.78,4636.298865833037,9.24966576767656,4614.866762206922,4621.041337444293,4636.251440308554,4651.558499529235,4657.691806298826,4599.139289081983,4671.28211463658,235.48113416696287,220.22150047076505,214.0881937011736,0,0.0,0.0,0,0.0,3e-05,0.9516642512250219,0.9547965013874261,0.9560554471463872,0.9588450452681732,4.520349861257386,4.394455285361277
Scenario Bravo,Case C - CMM + CUM + DBM + IGM,Triangular,HVAC,100000,307.292471684,372.93,307.3035613399237,4.354772777986009,297.3471738938208,300.1125802979986,307.3025403795691,314.4439556542841,317.24180871644427,289.99815768063087,324.2949903008728,65.6264386600763,58.486044345715925,55.68819128355574,0,0.0,0.0,0,0.0,3e-05,0.824024780360721,0.8431715218788622,0.8506738763747734,0.8695867597159597,15.682847812113781,14.932612362522654
Scenario Bravo,Case C - CMM + CUM + DBM + IGM,Triangular,CW,100000,1256.6386696681602,1392.08,1256.6380650027422,12.481275772356046,1228.0804793268333,1236.1527269765809,1256.6326693845308,1277.22384104055,1285.3751904247438,1207.1969932769891,1313.0742404556688,135.4419349972577,114.85615895944989,106.70480957525616,0,0.0,0.0,0,0.0,3e-05,0.9027053509875455,0.9174931333260661,0.9233486512447157,0.9432462505428344,8.250686667393389,7.66513487552843
Scenario Bravo,Case C - CMM + CUM + DBM + IGM,Triangular,FW,100000,4636.317392640301,4871.78,4636.398285390376,54.61666453859928,4515.424291606303,4545.69495895149,4636.588578176446,4726.3687415442255,4757.086339231607,4454.265155417723,4820.099083989045,235.3817146096235,145.41125845577426,114.69366076839287,0,0.0,0.0,0,0.0,3e-05,0.9516846584596136,0.9701523347819946,0.9764575451337308,0.98939177959371,2.9847665218005384,2.354245486626918
Scenario Bravo,Case C - CMM + CUM + DBM + IGM,Truncated normal,HVAC,100000,307.292471684,372.93,307.2995622873233,4.73377426256988,296.48854464231675,299.462927766172,307.3134493949632,315.0960856999304,318.05348118276794,289.0977265571938,324.6277172814622,65.63043771267672,57.83391430006964,54.87651881723207,0,0.0,0.0,0,0.0,3e-05,0.8240140570276547,0.8449201879707463,0.852850350421709,0.8704789565909479,15.507981202925384,14.714964957829102
Scenario Bravo,Case C - CMM + CUM + DBM + IGM,Truncated normal,CW,100000,1256.6386696681602,1392.08,1256.6842350957347,13.558001214071016,1225.4446611729732,1234.3580329138615,1256.6755706815609,1279.0386015066074,1288.130290024389,1199.5055834770972,1321.3606000217317,135.3957649042652,113.04139849339252,103.94970997561086,0,0.0,0.0,0,0.0,3e-05,0.9027385172516915,0.9187967656360321,0.9253277757200657,0.949198752960844,8.120323436396797,7.467222427993425
Scenario Bravo,Case C - CMM + CUM + DBM + IGM,Truncated normal,FW,100000,4636.317392640301,4871.78,4636.088713075473,59.43323488614339,4505.012935556577,4538.185674455107,4635.887614838237,4734.001511048214,4767.6003359241895,4435.277539220501,4841.42947824752,235.69128692452705,137.77848895178613,104.17966407581024,0,0.0,0.0,0,0.0,3e-05,0.9516211144746833,0.9717190659365189,0.9786156878849599,0.9937701370438566,2.828093406348114,2.1384312115040136
