sample_size,subsystem,capacity_kw,mean_load_kw,p95_load_kw,p99_load_kw,p99_load_to_capacity_ratio,overload_count,overload_probability,overload_probability_pct,overload_probability_ci95_lower_pct,overload_probability_ci95_upper_pct,rule_of_three_upper_if_zero,previous_overload_probability_pct,previous_p99_load_to_capacity_ratio,change_from_previous_probability_pct_points,change_from_previous_p99_ratio
100,FW,4871.78,4644.4937,4879.214697265625,4980.07365234375,1.0222287649162627,7,0.07,7.000000000000001,1.9991184777081554,12.000881522291845,,,,,
114,FW,4871.78,4639.6953,4885.345654296875,4978.85458984375,1.0219785355339834,8,0.07017543859649122,7.017543859649122,2.328365841070459,11.706721878227786,,7.000000000000001,1.0222287649162627,0.01754385964912153,-0.0002502293822792545
131,FW,4871.78,4649.605,4904.328857421875,4978.500732421875,1.0219059014203997,11,0.08396946564885496,8.396946564885496,3.647575593412491,13.1463175363585,,7.017543859649122,1.0219785355339834,1.379402705236374,-7.263411358371386e-05
149,FW,4871.78,4645.9272,4905.31728515625,4977.7224609375,1.0217461504701568,12,0.08053691275167785,8.053691275167784,3.684233213274901,12.423149337060668,,8.396946564885496,1.0219059014203997,-0.34325528971771213,-0.00015975095024289843
171,FW,4871.78,4634.6636,4908.054931640625,4976.771240234375,1.0215508993087485,14,0.08187134502923976,8.187134502923977,4.077759736582135,12.296509269265817,,8.053691275167784,1.0217461504701568,0.13344322775619233,-0.00019525116140828302
195,FW,4871.78,4623.511,4907.524169921875,4975.733544921875,1.021337898041758,15,0.07692307692307693,7.6923076923076925,3.952183387771561,11.432431996843825,,8.187134502923977,1.0215508993087485,-0.4948268106162841,-0.00021300126699053124
223,FW,4871.78,4629.561,4909.116455078125,5001.3103125,1.0265878821498509,17,0.07623318385650224,7.623318385650224,4.140291332807706,11.106345438492744,,7.6923076923076925,1.021337898041758,-0.0689893066574685,0.005249984108092853
255,FW,4871.78,4627.7476,4905.166015625,4992.4846875,1.0247763009618662,18,0.07058823529411765,7.0588235294117645,3.9150139983497803,10.202633060473747,,7.623318385650224,1.0265878821498509,-0.5644948562384595,-0.0018115811879846344
291,FW,4871.78,4625.459,4892.458251953125,4982.555859375,1.0227382721253835,20,0.06872852233676977,6.872852233676976,3.966045007567308,9.779659459786645,,7.0588235294117645,1.0247763009618662,-0.1859712957347881,-0.0020380288364827415
332,FW,4871.78,4629.5337,4901.26962890625,4988.502026367188,1.023958804865406,25,0.07530120481927711,7.530120481927711,4.691625453684296,10.368615510171129,,6.872852233676976,1.0227382721253835,0.6572682482507348,0.0012205327400225396
380,FW,4871.78,4628.9404,4904.608154296875,4995.555317382812,1.0254065900723786,30,0.07894736842105263,7.894736842105263,5.183450876962684,10.606022807247841,,7.530120481927711,1.023958804865406,0.3646163601775516,0.0014477852069725294
434,FW,4871.78,4634.3945,4909.519750976562,5002.414506835938,1.0268145332580572,38,0.08755760368663594,8.755760368663594,6.096499956560699,11.41502078076649,,7.894736842105263,1.0254065900723786,0.8610235265583315,0.0014079431856786062
496,FW,4871.78,4638.8066,4907.3914794921875,4993.159008789063,1.0249147147016209,46,0.09274193548387097,9.274193548387096,6.721382155756572,11.827004941017622,,8.755760368663594,1.0268145332580572,0.5184331797235018,-0.0018998185564362835
567,FW,4871.78,4637.9727,4908.585693359375,4991.925009765625,1.0246614193920138,51,0.08994708994708994,8.994708994708994,6.639706226938388,11.3497117624796,,9.274193548387096,1.0249147147016209,-0.27948455367810254,-0.00025329530960704894
648,FW,4871.78,4637.658,4906.582421875,4992.065375976563,1.0246902314916855,58,0.08950617283950617,8.950617283950617,6.752587539437957,11.148647028463277,,8.994708994708994,1.0246614193920138,-0.04409171075837648,2.8812099671648994e-05
741,FW,4871.78,4641.8345,4906.72802734375,4992.11708984375,1.024700846475775,69,0.0931174089068826,9.31174089068826,7.21937350816238,11.404108273214138,,8.950617283950617,1.0246902314916855,0.36112360673764243,1.061498408949646e-05
846,FW,4871.78,4642.1514,4908.7183837890625,4992.080151367188,1.0246932643442823,78,0.09219858156028368,9.219858156028367,7.2703348197902145,11.169381492266522,,9.31174089068826,1.024700846475775,-0.09188273465989205,-7.5821314926560746e-06
967,FW,4871.78,4640.0884,4908.762060546875,4990.767294921875,1.024423782461826,91,0.09410548086866598,9.410548086866598,7.570246038670107,11.250850135063088,,9.219858156028367,1.0246932643442823,0.19068993083823038,-0.00026948188245623506
1000,FW,4871.78,4642.375,4910.100634765625,4992.4919140625,1.0247777843134338,95,0.095,9.5,7.682634984379858,11.317365015620142,,9.410548086866598,1.024423782461826,0.08945191313340217,0.00035400185160772146
1105,FW,4871.78,4638.448,4907.19833984375,4991.61888671875,1.024598583416893,98,0.08868778280542987,8.868778280542987,7.1925219637781534,10.54503459730782,,9.5,1.0247777843134338,-0.6312217194570131,-0.00017920089654088756
1263,FW,4871.78,4638.8716,4906.68642578125,4990.822236328125,1.024435059942798,107,0.08471892319873317,8.471892319873318,6.936137625861632,10.007647013885002,,8.868778280542987,1.024598583416893,-0.3968859606696693,-0.00016352347409487322
1444,FW,4871.78,4637.358,4907.227734375,4992.094926757813,1.0246962971968794,124,0.08587257617728532,8.587257617728532,7.142140352550462,10.032374882906602,,8.471892319873318,1.024435059942798,0.11536529785521488,0.0002612372540813368
1650,FW,4871.78,4637.918,4908.265405273438,4992.050600585938,1.0246871986390884,143,0.08666666666666667,8.666666666666668,7.309119899299434,10.0242134340339,,8.587257617728532,1.0246962971968794,0.07940904893813538,-9.098557790965245e-06
1885,FW,4871.78,4634.2383,4904.45673828125,4986.7889453125,1.0236071713649837,158,0.08381962864721486,8.381962864721485,7.1309443078635955,9.632981421579375,,8.666666666666668,1.0246871986390884,-0.28470380194518263,-0.0010800272741047223
2154,FW,4871.78,4635.907,4905.2186279296875,4992.021049804687,1.0246811329338943,184,0.08542246982358404,8.542246982358403,7.361846040115674,9.722647924601132,,8.381962864721485,1.0236071713649837,0.16028411763691786,0.0010739615689105975
2462,FW,4871.78,4635.9707,4904.623217773437,4991.961948242188,1.0246690015235065,212,0.08610885458976442,8.610885458976442,7.502774658174466,9.718996259778418,,8.542246982358403,1.0246811329338943,0.06863847661803923,-1.213141038780563e-05
2814,FW,4871.78,4635.0327,4907.078833007812,4992.54853515625,1.0247894065734189,242,0.08599857853589196,8.599857853589196,7.563969150644649,9.635746556533743,,8.610885458976442,1.0246690015235065,-0.011027605387246453,0.00012040504991239764
3215,FW,4871.78,4636.1636,4908.346630859375,4992.54697265625,1.0247890858487554,277,0.08615863141524106,8.615863141524107,7.645910822478995,9.585815460569219,,8.599857853589196,1.0247894065734189,0.016005287934911294,-3.2072466349397644e-07
3675,FW,4871.78,4637.378,4910.9970703125,4995.777617187499,1.0254522201715799,317,0.08625850340136054,8.625850340136054,7.718155151870909,9.533545528401199,,8.615863141524107,1.0247890858487554,0.009987198611947079,0.000663134322824499
4199,FW,4871.78,4637.335,4913.864599609375,4998.155029296874,1.0259402167784413,369,0.08787806620623959,8.78780662062396,7.931459524317261,9.644153716930656,,8.625850340136054,1.0254522201715799,0.1619562804879049,0.000487996606861385
4799,FW,4871.78,4637.8765,4913.8310546875,5001.945917968749,1.0267183489338085,428,0.08918524692644302,8.9185246926443,8.112140075923662,9.724909309364941,,8.78780662062396,1.0259402167784413,0.13071807202034158,0.0007781321553672615
5000,FW,4871.78,4637.4683,4913.820556640625,5001.9375585937505,1.0267166330568602,443,0.0886,8.86,8.072333378053887,9.647666621946112,,8.9185246926443,1.0267183489338085,-0.05852469264430127,-1.7158769483049952e-06
5484,FW,4871.78,4636.8896,4911.44677734375,5000.8360595703125,1.026490535198698,474,0.08643326039387308,8.643326039387308,7.899591525427561,9.387060553347055,,8.86,1.0267166330568602,-0.21667396061269173,-0.00022609785816229966
6268,FW,4871.78,4636.6836,4911.935864257813,4999.550576171875,1.0262266720114364,543,0.08663050414805361,8.66305041480536,7.966664064610947,9.359436764999774,,8.643326039387308,1.026490535198698,0.019724375418052276,-0.00026386318726157043
7163,FW,4871.78,4636.9727,4912.501416015625,4999.055947265625,1.0261251426102216,625,0.0872539438782633,8.725394387826329,8.071848462325553,9.378940313327105,,8.66305041480536,1.0262266720114364,0.062343973020968946,-0.00010152940121477272
8185,FW,4871.78,4637.9443,4916.641015625,5000.38939453125,1.026398851042381,725,0.0885766646304215,8.85766646304215,8.24211203079694,9.47322089528736,,8.725394387826329,1.0261251426102216,0.13227207521582152,0.0002737084321593475
9354,FW,4871.78,4638.711,4916.9661865234375,5002.322089843749,1.0267955633964896,844,0.09022877913192218,9.022877913192218,8.442252518774977,9.603503307609458,,8.85766646304215,1.026398851042381,0.16521145015006766,0.0003967123541086526
10000,FW,4871.78,4638.4326,4916.560083007813,5000.6348828125,1.0264492408960382,907,0.0907,9.07,8.507123249710915,9.632876750289086,,9.022877913192218,1.0267955633964896,0.04712208680778218,-0.00034632250045141255
10690,FW,4871.78,4638.011,4918.584521484375,5001.867055664063,1.026702161358695,980,0.09167446211412535,9.167446211412535,8.620414924176131,9.714477498648938,,9.07,1.0264492408960382,0.09744621141253518,0.0002529204626569026
12217,FW,4871.78,4638.1943,4918.1033203125,5002.63138671875,1.0268590508435829,1111,0.09093885569288696,9.093885569288695,8.58403245714617,9.60373868143122,,9.167446211412535,1.026702161358695,-0.07356064212384084,0.00015688948488778998
13961,FW,4871.78,4638.7266,4918.310546875,5003.8251953125,1.027104096513492,1266,0.09068118329632548,9.068118329632547,8.591781144228666,9.544455515036429,,9.093885569288695,1.0268590508435829,-0.025767239656147467,0.0002450456699092385
15955,FW,4871.78,4638.913,4918.609716796875,5002.830673828125,1.0268999572698532,1461,0.09157004073958007,9.157004073958007,8.709465890224264,9.604542257691751,,9.068118329632547,1.027104096513492,0.08888574432545937,-0.00020413924363893443
18233,FW,4871.78,4638.3364,4919.45859375,5003.111328125,1.026957565432963,1671,0.0916470136565568,9.164701365655679,8.745894793270176,9.583507938041182,,9.157004073958007,1.0268999572698532,0.007697291697672526,5.7608163109845734e-05
20837,FW,4871.78,4637.6973,4918.37666015625,5003.095703125,1.0269543581863303,1885,0.09046407832221529,9.04640783222153,8.65692664523768,9.435889019205376,,9.164701365655679,1.026957565432963,-0.11829353343414972,-3.2072466327193183e-06
23813,FW,4871.78,4637.7437,4918.54833984375,5001.831015625,1.026694763643884,2165,0.09091672615798094,9.091672615798094,8.726521406406802,9.456823825189385,,9.04640783222153,1.0269543581863303,0.04526478357656494,-0.00025959454244639524
25000,FW,4871.78,4637.6934,4918.767895507813,5001.846323242187,1.0266979057433192,2286,0.09144,9.144,8.786701673478175,9.501298326521823,,9.091672615798094,1.026694763643884,0.05232738420190586,3.142099435304857e-06
27213,FW,4871.78,4637.41,4919.866601562499,5002.76771484375,1.0268870340704526,2487,0.09139014441627163,9.139014441627163,8.796636115817932,9.481392767436395,,9.144,1.0266979057433192,-0.004985558372837318,0.0001891283271333588
31100,FW,4871.78,4636.9683,4918.137524414063,5001.92939453125,1.0267149572704946,2805,0.09019292604501608,9.019292604501608,8.700919208652687,9.337666000350529,,9.139014441627163,1.0268870340704526,-0.11972183712555484,-0.00017207679995800973
35541,FW,4871.78,4636.71,4918.7421875,5001.94091796875,1.0267173226148862,3241,0.09119045609296306,9.119045609296306,8.819748595817769,9.418342622774842,,9.019292604501608,1.0267149572704946,0.09975300479469773,2.3653443916860084e-06
40616,FW,4871.78,4636.521,4919.399169921875,5002.457934570312,1.0268234473991666,3715,0.09146641717549735,9.146641717549734,8.866286384052122,9.426997051047348,,9.119045609296306,1.0267173226148862,0.027596108253428397,0.00010612478428040362
46416,FW,4871.78,4636.6895,4919.7110595703125,5001.94580078125,1.026718324879459,4247,0.09149862116511548,9.149862116511548,8.887565743199936,9.412158489823161,,9.146641717549734,1.0268234473991666,0.0032203989618135864,-0.00010512251970773434
50000,FW,4871.78,4636.6997,4919.857153320312,5001.527529296875,1.0266324688916322,4581,0.09162,9.161999999999999,8.90912843594229,9.414871564057709,,9.149862116511548,1.026718324879459,0.012137883488451351,-8.585598782673287e-05
53044,FW,4871.78,4636.832,4920.3400390625,5002.065986328125,1.0267429946196514,4859,0.09160319734559988,9.160319734559987,8.914831290678197,9.405808178441779,,9.161999999999999,1.0266324688916322,-0.0016802654400116523,0.00011052572801917293
60619,FW,4871.78,4636.5312,4919.857373046875,5002.270361328125,1.0267849454056064,5540,0.09139048813078408,9.139048813078409,8.909650180156795,9.36844744600002,,9.160319734559987,1.0267429946196514,-0.021270921481578497,4.1950785955036096e-05
69276,FW,4871.78,4636.7495,4919.8704833984375,5002.2822265625,1.0267873809085182,6368,0.09192216640683643,9.192216640683643,8.977069126572179,9.407364154795106,,9.139048813078409,1.0267849454056064,0.05316782760523431,2.4355029117906213e-06
79168,FW,4871.78,4636.5386,4919.5544921875,5002.832944335937,1.0269004233228793,7289,0.09207002829426031,9.207002829426031,9.005599544695436,9.408406114156627,,9.192216640683643,1.0267873809085182,0.014786188742387907,0.00011304241436116413
90474,FW,4871.78,4636.623,4919.55390625,5001.94017578125,1.0267171702706712,8324,0.09200433273647678,9.200433273647677,9.01209429817128,9.388772249124075,,9.207002829426031,1.0269004233228793,-0.0065695557783538305,-0.00018325305220812105
100000,FW,4871.78,4636.2695,4919.443432617188,5002.571191406249,1.0268466949259305,9178,0.09178,9.178,8.999052502773981,9.356947497226018,,9.200433273647677,1.0267171702706712,-0.022433273647676444,0.00012952465525928325
103393,FW,4871.78,4636.2666,4919.16650390625,5002.27640625,1.0267861862091474,9472,0.09161161780778196,9.161161780778196,8.985320205852602,9.33700335570379,,9.178,1.0268466949259305,-0.016838219221805062,-6.0508716783092e-05
118158,FW,4871.78,4636.2583,4919.66396484375,5002.45103515625,1.0268220311993257,10840,0.09174156637722372,9.174156637722373,9.009563281596277,9.338749993848468,,9.161161780778196,1.0267861862091474,0.012994856944176902,3.58449901782798e-05
135031,FW,4871.78,4636.4023,4920.125,5002.6173828125,1.0268561763487885,12404,0.09186038761469588,9.186038761469588,9.031982350459575,9.3400951724796,,9.174156637722373,1.0268220311993257,0.01188212374721509,3.4145149462760926e-05
154314,FW,4871.78,4636.409,4919.864819335938,5002.605927734375,1.0268538250361008,14162,0.09177391552289488,9.177391552289487,9.033342626843249,9.321440477735727,,9.186038761469588,1.0268561763487885,-0.008647209180100646,-2.351312687665086e-06
176351,FW,4871.78,4636.2993,4919.820556640625,5002.042724609375,1.026738219831227,16201,0.09186792249547777,9.186792249547777,9.051981797852763,9.321602701242792,,9.177391552289487,1.0268538250361008,0.009400697258289625,-0.00011560520487385872
201534,FW,4871.78,4636.2827,4919.737768554687,5002.1857421875,1.0267675761605615,18449,0.09154286621612234,9.154286621612234,9.028380634624988,9.280192608599481,,9.186792249547777,1.026738219831227,-0.032505627935542236,2.935632933454002e-05
230313,FW,4871.78,4636.2207,4919.704296875,5002.13541015625,1.026757244817346,21046,0.09137999157668043,9.137999157668043,9.020316206702434,9.255682108633652,,9.154286621612234,1.0267675761605615,-0.01628746394419167,-1.03313432153751e-05
250000,FW,4871.78,4635.9907,4919.470922851562,5002.279814453125,1.0267868857898192,22779,0.091116,9.111600000000001,8.99879259236234,9.224407407637662,,9.137999157668043,1.026757244817346,-0.026399157668041795,2.9640972473155003e-05
263202,FW,4871.78,4635.9014,4919.326586914062,5002.276850585938,1.0267862774152237,23956,0.09101754545938101,9.101754545938102,8.991866161441738,9.211642930434465,,9.111600000000001,1.0267868857898192,-0.009845454061899517,-6.083745955898223e-07
300788,FW,4871.78,4635.8657,4919.438256835937,5002.280166015625,1.0267869579528683,27419,0.09115722701703526,9.115722701703525,9.01285814704509,9.21858725636196,,9.101754545938102,1.0267862774152237,0.013968155765423873,6.80537644681678e-07
343741,FW,4871.78,4636.059,4919.4658203125,5002.533593749999,1.0268389774887208,31330,0.0911442045028088,9.11442045028088,9.018203314802978,9.210637585758782,,9.115722701703525,1.0267869579528683,-0.0013022514226452842,5.201953585243224e-05
392828,FW,4871.78,4635.972,4919.326147460937,5002.386884765625,1.0268088634473693,35787,0.09110093985153808,9.110093985153808,9.02010815877808,9.200079811529537,,9.11442045028088,1.0268389774887208,-0.004326465127071799,-3.0114041351447796e-05
448925,FW,4871.78,4635.7905,4919.1724609375,5002.57228515625,1.0268469194331948,40851,0.09099738263629782,9.099738263629781,9.015605298926719,9.183871228332844,,9.110093985153808,1.0268088634473693,-0.010355721524026862,3.8055985825513616e-05
500000,FW,4871.78,4635.855,4919.057690429688,5002.3526171875,1.0268018295545982,45492,0.090984,9.0984,9.018685129297507,9.178114870702492,,9.099738263629781,1.0268469194331948,-0.001338263629781622,-4.5089878596638044e-05
513033,FW,4871.78,4635.8584,4918.96904296875,5002.34126953125,1.0267995002917312,46631,0.09089278857305476,9.089278857305477,9.010618541450425,9.167939173160526,,9.0984,1.0268018295545982,-0.009121142694523243,-2.3292628670290583e-06
586295,FW,4871.78,4635.8174,4918.896142578125,5002.363369140625,1.0268040365411872,53146,0.09064719978850237,9.064719978850237,8.991227757110925,9.13821220058955,,9.089278857305477,1.0267995002917312,-0.024558878455239963,4.5362494560663436e-06
670019,FW,4871.78,4635.8857,4918.86962890625,5002.3644824218745,1.0268042650575098,60745,0.09066160810365079,9.066160810365078,8.997408549398,9.134913071332159,,9.064719978850237,1.0268040365411872,0.001440831514841534,2.285163225312914e-07
765699,FW,4871.78,4636.038,4918.9,5002.100634765625,1.0267501066890592,69487,0.09074975937019639,9.074975937019639,9.01063439207479,9.139317481964488,,9.066160810365078,1.0268042650575098,0.008815126654560856,-5.41583684505742e-05
875042,FW,4871.78,4636.0684,4918.913500976562,5002.100185546875,1.0267500144807187,79373,0.09070764603299042,9.070764603299041,9.010589708462263,9.13093949813582,,9.074975937019639,1.0267501066890592,-0.004211333720597565,-9.220834051859583e-08
1000000,FW,4871.78,4636.053,4918.822827148438,5002.005908203125,1.0267306627563488,90674,0.090674,9.067400000000001,9.011119588635005,9.123680411364997,,9.070764603299041,1.0267500144807187,-0.003364603299040425,-1.935172436984267e-05
